{"playerPositon":{"x":-45.530799865722659,"y":1.5449533462524415,"z":0.0},"stageinfo":2,"Ltime":48.27975845336914}